Phone,Name
6155555501,MRD Test Account01
6155555502,MRD Test Account02
6155555503,MRD Test Account03
6155555504,MRD Test Account04
6155555505,MRD Test Account05
6155555506,MRD Test Account06
6155555507,MRD Test Account07
6155555508,MRD Test Account08
6155555509,MRD Test Account09
6155555510,MRD Test Account10
6155555511,MRD Test Account11
6155555512,MRD Test Account12
6155555513,MRD Test Account13
6155555514,MRD Test Account14
6155555515,MRD Test Account15
6155555516,MRD Test Account16
6155555517,MRD Test Account17
6155555518,MRD Test Account18
6155555519,MRD Test Account19
6155555520,MRD Test Account20
6155555521,MRD Test Account21
6155555522,MRD Test Account22
6155555523,MRD Test Account23
6155555524,MRD Test Account24
6155555525,MRD Test Account25
6155555526,MRD Test Account26
6155555527,MRD Test Account27
6155555528,MRD Test Account28
6155555529,MRD Test Account29
6155555530,MRD Test Account30
6155555531,MRD Test Account31
6155555532,MRD Test Account32
6155555533,MRD Test Account33
6155555534,MRD Test Account34
6155555535,MRD Test Account35
6155555536,MRD Test Account36
6155555537,MRD Test Account37
6155555538,MRD Test Account38
6155555539,MRD Test Account39
6155555540,MRD Test Account40
6155555541,MRD Test Account41
6155555542,MRD Test Account42
6155555543,MRD Test Account43
6155555544,MRD Test Account44
6155555545,MRD Test Account45
6155555546,MRD Test Account46
6155555547,MRD Test Account47
6155555548,MRD Test Account48
6155555549,MRD Test Account49
6155555550,MRD Test Account50
6155555551,MRD Test Account51
6155555552,MRD Test Account52
6155555553,MRD Test Account53
6155555554,MRD Test Account54
6155555555,MRD Test Account55
6155555556,MRD Test Account56
6155555557,MRD Test Account57
6155555558,MRD Test Account58
6155555559,MRD Test Account59
6155555560,MRD Test Account60
6155555561,MRD Test Account61
6155555562,MRD Test Account62
6155555563,MRD Test Account63
6155555564,MRD Test Account64
6155555565,MRD Test Account65
6155555566,MRD Test Account66
6155555567,MRD Test Account67
6155555568,MRD Test Account68
6155555569,MRD Test Account69
6155555570,MRD Test Account70
6155555571,MRD Test Account71
6155555572,MRD Test Account72
6155555573,MRD Test Account73
6155555574,MRD Test Account74
6155555575,MRD Test Account75
6155555576,MRD Test Account76
6155555577,MRD Test Account77
6155555578,MRD Test Account78
6155555579,MRD Test Account79
6155555580,MRD Test Account80
6155555581,MRD Test Account81
6155555582,MRD Test Account82
6155555583,MRD Test Account83
6155555584,MRD Test Account84
6155555585,MRD Test Account85
6155555586,MRD Test Account86
6155555587,MRD Test Account87
6155555588,MRD Test Account88
6155555589,MRD Test Account89
6155555590,MRD Test Account90
6155555591,MRD Test Account91
6155555592,MRD Test Account92
6155555593,MRD Test Account93
6155555594,MRD Test Account94
6155555595,MRD Test Account95
6155555596,MRD Test Account96
6155555597,MRD Test Account97
6155555598,MRD Test Account98
6155555599,MRD Test Account99
6155555600,MRD Test Account100
6155555601,MRD Test Account101
6155555602,MRD Test Account102
6155555603,MRD Test Account103
6155555604,MRD Test Account104
6155555605,MRD Test Account105
6155555606,MRD Test Account106
6155555607,MRD Test Account107
6155555608,MRD Test Account108
6155555609,MRD Test Account109
6155555610,MRD Test Account110
6155555611,MRD Test Account111
6155555612,MRD Test Account112
6155555613,MRD Test Account113
6155555614,MRD Test Account114
6155555615,MRD Test Account115
6155555616,MRD Test Account116
6155555617,MRD Test Account117
6155555618,MRD Test Account118
6155555619,MRD Test Account119
6155555620,MRD Test Account120
6155555621,MRD Test Account121
6155555622,MRD Test Account122
6155555623,MRD Test Account123
6155555624,MRD Test Account124
6155555625,MRD Test Account125
6155555626,MRD Test Account126
6155555627,MRD Test Account127
6155555628,MRD Test Account128
6155555629,MRD Test Account129
6155555630,MRD Test Account130
6155555631,MRD Test Account131
6155555632,MRD Test Account132
6155555633,MRD Test Account133
6155555634,MRD Test Account134
6155555635,MRD Test Account135
6155555636,MRD Test Account136
6155555637,MRD Test Account137
6155555638,MRD Test Account138
6155555639,MRD Test Account139
6155555640,MRD Test Account140
6155555641,MRD Test Account141
6155555642,MRD Test Account142
6155555643,MRD Test Account143
6155555644,MRD Test Account144
6155555645,MRD Test Account145
6155555646,MRD Test Account146
6155555647,MRD Test Account147
6155555648,MRD Test Account148
6155555649,MRD Test Account149
6155555650,MRD Test Account150