Name,Description,Amount,Id
name11,,10.0,006b000000IbvuKAAR
name11,,10.0,006b000000IbnrxAAB
name11,,11.0,006b000000Ib2qkAAB
name11,,12.0,006b000000IbED2AAN
name11,,,006b000000IdxjXAAR
name11,,,006b000000IdiauAAB
name11,,,006b000000Iea8mAAB
name11,,,006b000000Idl2QAAR
name11,,,006b000000IdPNRAA3
name11,,,006b000000Ic7ikAAB
name11,,,006b000000Id0TlAAJ
name11,,,006b000000IdrI8AAJ
name11,,,006b000000IdKTYAA3
name11,,,006b000000IeaniAAB
name11,,,006b000000Ickc5AAB
name11,,,006b000000IcN3DAAV
name11,,,006b000000Ido1DAAR
name11,,,006b000000Ie24xAAB
name11,,,006b000000IcLSyAAN
name11,,,006b000000IcZOrAAN
name11,,,006b000000IeQTvAAN
name11,,,006b000000IeTaqAAF
name11,,,006b000000IcP5TAAV
name11,,,006b000000IdIYgAAN
name11,,,006b000000IdAU6AAN
name11,,,006b000000IcxJ6AAJ
